<?xml version="1.0" encoding="UTF-8"?>
<inLineTags>
	<tag>
		<name>blockquote</name>
	</tag>
	<tag>
		<name>date</name>
		<attribute>
			<name>type</name>
		</attribute>
		<attribute>
			<name>normal</name>
		</attribute>
		<attribute>
			<name>calendar</name>
			<valueList>Calendar</valueList>
		</attribute>
		<attribute>
			<name>era</name>
			<valueList>Era</valueList>
		</attribute>
	</tag>
	<tag>
		<name>function</name>
		<attribute>
			<name>rules</name>
		</attribute>
		<attribute>
			<name>source</name>
		</attribute>
	</tag>
	<tag>
		<name>occupation</name>
		<attribute>
			<name>rules</name>
		</attribute>
		<attribute>
			<name>source</name>
		</attribute>
	</tag>
	<tag>
		<name>subject</name>
		<attribute>
			<name>rules</name>
		</attribute>
		<attribute>
			<name>source</name>
		</attribute>
	</tag>
	<tag>
		<name>emph</name>
		<attribute>
			<name>render</name>
			<valueList>Render</valueList>
		</attribute>
	</tag>
	<tag>
		<name>corpname</name>
		<attribute>
			<name>rules</name>
		</attribute>
		<attribute>
			<name>role</name>
		</attribute>
		<attribute>
			<name>source</name>
		</attribute>
	</tag>
	<tag>
		<name>persname</name>
		<attribute>
			<name>rules</name>
		</attribute>
		<attribute>
			<name>role</name>
		</attribute>
		<attribute>
			<name>source</name>
		</attribute>
	</tag>
	<tag>
		<name>famname</name>
		<attribute>
			<name>rules</name>
		</attribute>
		<attribute>
			<name>role</name>
		</attribute>
		<attribute>
			<name>source</name>
		</attribute>
	</tag>
	<tag>
		<name>name</name>
		<attribute>
			<name>rules</name>
		</attribute>
		<attribute>
			<name>role</name>
		</attribute>
		<attribute>
			<name>source</name>
		</attribute>
	</tag>
	<tag>
		<name>genreform</name>
		<attribute>
			<name>rules</name>
		</attribute>
		<attribute>
			<name>source</name>
		</attribute>
		<attribute>
			<name>type</name>
		</attribute>
	</tag>
	<tag>
		<name>geogname</name>
		<attribute>
			<name>rules</name>
		</attribute>
		<attribute>
			<name>role</name>
		</attribute>
		<attribute>
			<name>source</name>
		</attribute>
	</tag>
	<tag>
		<name>title</name>
		<attribute>
			<name>render</name>
			<valueList>Render</valueList>
		</attribute>
	</tag>
	<tag>
		<name>ref</name>
		<attribute>
			<name>target</name>
		</attribute>
		<attribute>
			<name>show</name>
			<valueList>Show</valueList>
		</attribute>
		<attribute>
			<name>title</name>
		</attribute>
		<attribute>
			<name>actuate</name>
			<valueList>Actuate</valueList>
		</attribute>

	</tag>

	<!-- added per Lee's note of 10/13/2006-->
	<tag>
		<name>extref</name>
		<attribute>
			<name>href</name>
		</attribute>
		<attribute>
			<name>show</name>
			<valueList>Show</valueList>
		</attribute>
		<attribute>
			<name>title</name>
		</attribute>
		<attribute>
			<name>actuate</name>
			<valueList>Actuate</valueList>
		</attribute>
	</tag>
</inLineTags>